<?xml version="1.0" encoding="us-ascii"?>
<lqn-model xmlns:xsi="http://www.w3.org/2001/XMLSchema-instance" xsi:noNamespaceSchemaLocation="file:/C:/Program Files/LQN Solvers/lqn.xsd" name="PCM2LQN_Model">
  <solver-params comment="Generated by PCM2LQN on Thu Dec 05 09:50:59 GMT 2013" conv_val="0.001" it_limit="50" print_int="10" underrelax_coeff="0.5"/>
  <processor multiplicity="1" name="VMContainer_CPU_Processor" quantum="0.001" scheduling="ps" speed-factor="1.0">
    <task activity-graph="YES" multiplicity="1" name="VMContainer_CPU_Task" scheduling="inf" think-time="0.0">
      <entry name="VMContainer_CPU_Entry" type="NONE">
        <entry-phase-activities>
          <activity host-demand-mean="0.0" name="VMContainer_CPU_Activity" phase="1"/>
        </entry-phase-activities>
      </entry>
      <entry name="InternalAction_main__Iu1-wMhoEeKON4DtRoKCMw_34_50_Entry" type="PH1PH2">
        <entry-phase-activities>
          <activity host-demand-mean="0.01" name="InternalAction_main__Iu1-wMhoEeKON4DtRoKCMw_34_50_Activity" phase="1"/>
        </entry-phase-activities>
      </entry>
      <entry name="InternalAction_BlackBoxDelay__M1PMYMhoEeKON4DtRoKCMw_34_50_Entry" type="PH1PH2">
        <entry-phase-activities>
          <activity host-demand-mean="0.001" name="InternalAction_BlackBoxDelay__M1PMYMhoEeKON4DtRoKCMw_34_50_Activity" phase="1"/>
        </entry-phase-activities>
      </entry>
      <entry name="InternalAction_CheckLogin__vHMZsMhoEeKON4DtRoKCMw_34_50_Entry" type="PH1PH2">
        <entry-phase-activities>
          <activity host-demand-mean="0.01" name="InternalAction_CheckLogin__vHMZsMhoEeKON4DtRoKCMw_34_50_Activity" phase="1"/>
        </entry-phase-activities>
      </entry>
      <entry name="InternalAction_BlackBoxDelay__x-nSwMhoEeKON4DtRoKCMw_34_50_Entry" type="PH1PH2">
        <entry-phase-activities>
          <activity host-demand-mean="0.001" name="InternalAction_BlackBoxDelay__x-nSwMhoEeKON4DtRoKCMw_34_50_Activity" phase="1"/>
        </entry-phase-activities>
      </entry>
      <entry name="InternalAction_runQuery__mg__8MhoEeKON4DtRoKCMw_67_80_Entry" type="PH1PH2">
        <entry-phase-activities>
          <activity host-demand-mean="0.01" name="InternalAction_runQuery__mg__8MhoEeKON4DtRoKCMw_67_80_Activity" phase="1"/>
        </entry-phase-activities>
      </entry>
      <entry name="InternalAction_BlackBoxDelay__pWGk0MhoEeKON4DtRoKCMw_67_80_Entry" type="PH1PH2">
        <entry-phase-activities>
          <activity host-demand-mean="0.001" name="InternalAction_BlackBoxDelay__pWGk0MhoEeKON4DtRoKCMw_67_80_Activity" phase="1"/>
        </entry-phase-activities>
      </entry>
      <entry name="InternalAction_addcart__5JEHQMhoEeKON4DtRoKCMw_34_50_Entry" type="PH1PH2">
        <entry-phase-activities>
          <activity host-demand-mean="0.01" name="InternalAction_addcart__5JEHQMhoEeKON4DtRoKCMw_34_50_Activity" phase="1"/>
        </entry-phase-activities>
      </entry>
      <entry name="InternalAction_BlackBoxDelay__6b6PMMhoEeKON4DtRoKCMw_34_50_Entry" type="PH1PH2">
        <entry-phase-activities>
          <activity host-demand-mean="0.001" name="InternalAction_BlackBoxDelay__6b6PMMhoEeKON4DtRoKCMw_34_50_Activity" phase="1"/>
        </entry-phase-activities>
      </entry>
      <entry name="InternalAction_addcartbulk__NIj7kMhpEeKON4DtRoKCMw_34_50_Entry" type="PH1PH2">
        <entry-phase-activities>
          <activity host-demand-mean="0.01" name="InternalAction_addcartbulk__NIj7kMhpEeKON4DtRoKCMw_34_50_Activity" phase="1"/>
        </entry-phase-activities>
      </entry>
      <entry name="InternalAction_BlackBoxDelay__NdXt8MhpEeKON4DtRoKCMw_34_50_Entry" type="PH1PH2">
        <entry-phase-activities>
          <activity host-demand-mean="0.001" name="InternalAction_BlackBoxDelay__NdXt8MhpEeKON4DtRoKCMw_34_50_Activity" phase="1"/>
        </entry-phase-activities>
      </entry>
      <entry name="InternalAction_PerformCheckout__MGKN8MhqEeKON4DtRoKCMw_34_90_Entry" type="PH1PH2">
        <entry-phase-activities>
          <activity host-demand-mean="0.01" name="InternalAction_PerformCheckout__MGKN8MhqEeKON4DtRoKCMw_34_90_Activity" phase="1"/>
        </entry-phase-activities>
      </entry>
      <entry name="InternalAction_BlackBoxDelay__P0oq0MhqEeKON4DtRoKCMw_34_90_Entry" type="PH1PH2">
        <entry-phase-activities>
          <activity host-demand-mean="0.001" name="InternalAction_BlackBoxDelay__P0oq0MhqEeKON4DtRoKCMw_34_90_Activity" phase="1"/>
        </entry-phase-activities>
      </entry>
      <entry name="InternalAction_ADDRNEXT__dMuGQMhqEeKON4DtRoKCMw_34_100_Entry" type="PH1PH2">
        <entry-phase-activities>
          <activity host-demand-mean="0.01" name="InternalAction_ADDRNEXT__dMuGQMhqEeKON4DtRoKCMw_34_100_Activity" phase="1"/>
        </entry-phase-activities>
      </entry>
      <entry name="InternalAction_BlackBoxDelay__dTbyQMhqEeKON4DtRoKCMw_34_100_Entry" type="PH1PH2">
        <entry-phase-activities>
          <activity host-demand-mean="0.001" name="InternalAction_BlackBoxDelay__dTbyQMhqEeKON4DtRoKCMw_34_100_Activity" phase="1"/>
        </entry-phase-activities>
      </entry>
      <entry name="InternalAction_SHIPNEXT__o1drAMhqEeKON4DtRoKCMw_34_110_Entry" type="PH1PH2">
        <entry-phase-activities>
          <activity host-demand-mean="0.01" name="InternalAction_SHIPNEXT__o1drAMhqEeKON4DtRoKCMw_34_110_Activity" phase="1"/>
        </entry-phase-activities>
      </entry>
      <entry name="InternalAction_BlackBoxDelay__pGZqAMhqEeKON4DtRoKCMw_34_110_Entry" type="PH1PH2">
        <entry-phase-activities>
          <activity host-demand-mean="0.001" name="InternalAction_BlackBoxDelay__pGZqAMhqEeKON4DtRoKCMw_34_110_Activity" phase="1"/>
        </entry-phase-activities>
      </entry>
      <entry name="InternalAction_PAYNEXT__1lC8AMhqEeKON4DtRoKCMw_34_120_Entry" type="PH1PH2">
        <entry-phase-activities>
          <activity host-demand-mean="0.01" name="InternalAction_PAYNEXT__1lC8AMhqEeKON4DtRoKCMw_34_120_Activity" phase="1"/>
        </entry-phase-activities>
      </entry>
      <entry name="InternalAction_BlackBoxDelay__1t25wMhqEeKON4DtRoKCMw_34_120_Entry" type="PH1PH2">
        <entry-phase-activities>
          <activity host-demand-mean="0.001" name="InternalAction_BlackBoxDelay__1t25wMhqEeKON4DtRoKCMw_34_120_Activity" phase="1"/>
        </entry-phase-activities>
      </entry>
      <entry name="InternalAction_aName__NDCQcMhrEeKON4DtRoKCMw_34_50_Entry" type="PH1PH2">
        <entry-phase-activities>
          <activity host-demand-mean="0.01" name="InternalAction_aName__NDCQcMhrEeKON4DtRoKCMw_34_50_Activity" phase="1"/>
        </entry-phase-activities>
      </entry>
      <entry name="InternalAction_aName__NRuMsMhrEeKON4DtRoKCMw_34_50_Entry" type="PH1PH2">
        <entry-phase-activities>
          <activity host-demand-mean="0.001" name="InternalAction_aName__NRuMsMhrEeKON4DtRoKCMw_34_50_Activity" phase="1"/>
        </entry-phase-activities>
      </entry>
      <entry name="InternalAction_doWork__G089kMhrEeKON4DtRoKCMw_1314_150_Entry" type="PH1PH2">
        <entry-phase-activities>
          <activity host-demand-mean="0.01" name="InternalAction_doWork__G089kMhrEeKON4DtRoKCMw_1314_150_Activity" phase="1"/>
        </entry-phase-activities>
      </entry>
      <entry name="InternalAction_BlackBoxDelay__I7NfcMhrEeKON4DtRoKCMw_1314_150_Entry" type="PH1PH2">
        <entry-phase-activities>
          <activity host-demand-mean="0.001" name="InternalAction_BlackBoxDelay__I7NfcMhrEeKON4DtRoKCMw_1314_150_Activity" phase="1"/>
        </entry-phase-activities>
      </entry>
      <entry name="InternalAction_aName__ZGTOAMhrEeKON4DtRoKCMw_34_50_Entry" type="PH1PH2">
        <entry-phase-activities>
          <activity host-demand-mean="0.01" name="InternalAction_aName__ZGTOAMhrEeKON4DtRoKCMw_34_50_Activity" phase="1"/>
        </entry-phase-activities>
      </entry>
      <entry name="InternalAction_aName__ZNTN4MhrEeKON4DtRoKCMw_34_50_Entry" type="PH1PH2">
        <entry-phase-activities>
          <activity host-demand-mean="0.001" name="InternalAction_aName__ZNTN4MhrEeKON4DtRoKCMw_34_50_Activity" phase="1"/>
        </entry-phase-activities>
      </entry>
      <entry name="InternalAction_aName__eddf8MhrEeKON4DtRoKCMw_34_50_Entry" type="PH1PH2">
        <entry-phase-activities>
          <activity host-demand-mean="0.01" name="InternalAction_aName__eddf8MhrEeKON4DtRoKCMw_34_50_Activity" phase="1"/>
        </entry-phase-activities>
      </entry>
      <entry name="InternalAction_BlackBoxDelay__egwEgMhrEeKON4DtRoKCMw_34_50_Entry" type="PH1PH2">
        <entry-phase-activities>
          <activity host-demand-mean="0.001" name="InternalAction_BlackBoxDelay__egwEgMhrEeKON4DtRoKCMw_34_50_Activity" phase="1"/>
        </entry-phase-activities>
      </entry>
      <entry name="InternalAction_aName__j-2E4MhrEeKON4DtRoKCMw_34_50_Entry" type="PH1PH2">
        <entry-phase-activities>
          <activity host-demand-mean="0.01" name="InternalAction_aName__j-2E4MhrEeKON4DtRoKCMw_34_50_Activity" phase="1"/>
        </entry-phase-activities>
      </entry>
      <entry name="InternalAction_aName__kGN4MMhrEeKON4DtRoKCMw_34_50_Entry" type="PH1PH2">
        <entry-phase-activities>
          <activity host-demand-mean="0.001" name="InternalAction_aName__kGN4MMhrEeKON4DtRoKCMw_34_50_Activity" phase="1"/>
        </entry-phase-activities>
      </entry>
      <service name="MyService"/>
    </task>
  </processor>
  <processor multiplicity="1" name="USAGE_DELAY_Processor" scheduling="inf">
    <task activity-graph="YES" multiplicity="1" name="USAGE_DELAY_Task" scheduling="inf" think-time="0.0">
      <entry name="USAGE_DELAY0_Entry" type="PH1PH2">
        <entry-phase-activities>
          <activity host-demand-mean="0.0" name="USAGE_DELAY0_Activity" phase="1"/>
        </entry-phase-activities>
      </entry>
      <service name="MyService"/>
    </task>
  </processor>
  <processor multiplicity="1" name="UsageScenario_defaultUsageScenario_1_Processor" scheduling="fcfs">
    <task activity-graph="YES" multiplicity="100" name="UsageScenario_defaultUsageScenario_1_Task" scheduling="ref" think-time="10">
      <entry name="UsageScenario_defaultUsageScenario_1_Entry" type="NONE">
        <service-time-distribution max="10.0" min="0.0" phase="1"/>
      </entry>
      <service name="MyService"/>
      <task-activities>
        <activity host-demand-mean="0.0" name="Start2" bound-to-entry="UsageScenario_defaultUsageScenario_1_Entry"/>
        <activity host-demand-mean="0.0" name="EntryLevelSystemCall_Qi07oMhsEeKON4DtRoKCMw">
          <synch-call dest="RequestHandler_HandlerIF_main_345_Entry" calls-mean="1.0"/>
        </activity>
        <activity host-demand-mean="0.0" name="EntryLevelSystemCall_dR_V4MhsEeKON4DtRoKCMw">
          <synch-call dest="RequestHandler_HandlerIF_checkLogin_345_Entry" calls-mean="1.0"/>
        </activity>
        <activity host-demand-mean="0.0" name="EntryLevelSystemCall_gmyugMhsEeKON4DtRoKCMw">
          <synch-call dest="RequestHandler_HandlerIF_quickadd_345_Entry" calls-mean="1.0"/>
        </activity>
        <activity host-demand-mean="0.0" name="EntryLevelSystemCall_iH24oMhsEeKON4DtRoKCMw">
          <synch-call dest="RequestHandler_HandlerIF_addcartbulk_345_Entry" calls-mean="1.0"/>
        </activity>
        <activity host-demand-mean="0.0" name="EntryLevelSystemCall_jSSrcMhsEeKON4DtRoKCMw">
          <synch-call dest="RequestHandler_HandlerIF_main_345_Entry" calls-mean="1.0"/>
        </activity>
        <activity host-demand-mean="0.0" name="EntryLevelSystemCall_lZXssMhsEeKON4DtRoKCMw">
          <synch-call dest="RequestHandler_HandlerIF_checkoutoptions_349_Entry" calls-mean="1.0"/>
        </activity>
        <activity host-demand-mean="0.0" name="EntryLevelSystemCall_tkhwQMhsEeKON4DtRoKCMw">
          <synch-call dest="RequestHandler_HandlerIF_checkoutoptions_3410_Entry" calls-mean="1.0"/>
        </activity>
        <activity host-demand-mean="0.0" name="EntryLevelSystemCall_0aGg8MhsEeKON4DtRoKCMw">
          <synch-call dest="RequestHandler_HandlerIF_checkoutoptions_3411_Entry" calls-mean="1.0"/>
        </activity>
        <activity host-demand-mean="0.0" name="EntryLevelSystemCall_58XPoMhsEeKON4DtRoKCMw">
          <synch-call dest="RequestHandler_HandlerIF_checkoutoptions_3412_Entry" calls-mean="1.0"/>
        </activity>
        <activity host-demand-mean="0.0" name="EntryLevelSystemCall_-EKygMhsEeKON4DtRoKCMw">
          <synch-call dest="RequestHandler_HandlerIF_processorder_345_Entry" calls-mean="1.0"/>
        </activity>
        <activity host-demand-mean="0.0" name="EntryLevelSystemCall__ar5gMhsEeKON4DtRoKCMw">
          <synch-call dest="RequestHandler_HandlerIF_orderhistory_345_Entry" calls-mean="1.0"/>
        </activity>
        <activity host-demand-mean="0.0" name="EntryLevelSystemCall_B_LPgMhtEeKON4DtRoKCMw">
          <synch-call dest="RequestHandler_HandlerIF_orderstatus_345_Entry" calls-mean="1.0"/>
        </activity>
        <activity host-demand-mean="0.0" name="EntryLevelSystemCall_C6j5sMhtEeKON4DtRoKCMw">
          <synch-call dest="RequestHandler_HandlerIF_logout_345_Entry" calls-mean="1.0"/>
        </activity>
        <activity host-demand-mean="0.0" name="Stop16"/>
        <precedence>
          <pre>
            <activity name="EntryLevelSystemCall_C6j5sMhtEeKON4DtRoKCMw"/>
          </pre>
          <post>
            <activity name="Stop16"/>
          </post>
        </precedence>
        <precedence>
          <pre>
            <activity name="EntryLevelSystemCall_B_LPgMhtEeKON4DtRoKCMw"/>
          </pre>
          <post>
            <activity name="EntryLevelSystemCall_C6j5sMhtEeKON4DtRoKCMw"/>
          </post>
        </precedence>
        <precedence>
          <pre>
            <activity name="EntryLevelSystemCall__ar5gMhsEeKON4DtRoKCMw"/>
          </pre>
          <post>
            <activity name="EntryLevelSystemCall_B_LPgMhtEeKON4DtRoKCMw"/>
          </post>
        </precedence>
        <precedence>
          <pre>
            <activity name="EntryLevelSystemCall_-EKygMhsEeKON4DtRoKCMw"/>
          </pre>
          <post>
            <activity name="EntryLevelSystemCall__ar5gMhsEeKON4DtRoKCMw"/>
          </post>
        </precedence>
        <precedence>
          <pre>
            <activity name="EntryLevelSystemCall_58XPoMhsEeKON4DtRoKCMw"/>
          </pre>
          <post>
            <activity name="EntryLevelSystemCall_-EKygMhsEeKON4DtRoKCMw"/>
          </post>
        </precedence>
        <precedence>
          <pre>
            <activity name="EntryLevelSystemCall_0aGg8MhsEeKON4DtRoKCMw"/>
          </pre>
          <post>
            <activity name="EntryLevelSystemCall_58XPoMhsEeKON4DtRoKCMw"/>
          </post>
        </precedence>
        <precedence>
          <pre>
            <activity name="EntryLevelSystemCall_tkhwQMhsEeKON4DtRoKCMw"/>
          </pre>
          <post>
            <activity name="EntryLevelSystemCall_0aGg8MhsEeKON4DtRoKCMw"/>
          </post>
        </precedence>
        <precedence>
          <pre>
            <activity name="EntryLevelSystemCall_lZXssMhsEeKON4DtRoKCMw"/>
          </pre>
          <post>
            <activity name="EntryLevelSystemCall_tkhwQMhsEeKON4DtRoKCMw"/>
          </post>
        </precedence>
        <precedence>
          <pre>
            <activity name="EntryLevelSystemCall_jSSrcMhsEeKON4DtRoKCMw"/>
          </pre>
          <post>
            <activity name="EntryLevelSystemCall_lZXssMhsEeKON4DtRoKCMw"/>
          </post>
        </precedence>
        <precedence>
          <pre>
            <activity name="EntryLevelSystemCall_iH24oMhsEeKON4DtRoKCMw"/>
          </pre>
          <post>
            <activity name="EntryLevelSystemCall_jSSrcMhsEeKON4DtRoKCMw"/>
          </post>
        </precedence>
        <precedence>
          <pre>
            <activity name="EntryLevelSystemCall_gmyugMhsEeKON4DtRoKCMw"/>
          </pre>
          <post>
            <activity name="EntryLevelSystemCall_iH24oMhsEeKON4DtRoKCMw"/>
          </post>
        </precedence>
        <precedence>
          <pre>
            <activity name="EntryLevelSystemCall_dR_V4MhsEeKON4DtRoKCMw"/>
          </pre>
          <post>
            <activity name="EntryLevelSystemCall_gmyugMhsEeKON4DtRoKCMw"/>
          </post>
        </precedence>
        <precedence>
          <pre>
            <activity name="EntryLevelSystemCall_Qi07oMhsEeKON4DtRoKCMw"/>
          </pre>
          <post>
            <activity name="EntryLevelSystemCall_dR_V4MhsEeKON4DtRoKCMw"/>
          </post>
        </precedence>
        <precedence>
          <pre>
            <activity name="Start2"/>
          </pre>
          <post>
            <activity name="EntryLevelSystemCall_Qi07oMhsEeKON4DtRoKCMw"/>
          </post>
        </precedence>
      </task-activities>
    </task>
  </processor>
  <processor multiplicity="1" name="RequestHandler_HandlerIF_main_345_Processor" scheduling="fcfs">
    <task activity-graph="YES" multiplicity="1" name="RequestHandler_HandlerIF_main_345_Task" scheduling="inf" think-time="0.0">
      <entry name="RequestHandler_HandlerIF_main_345_Entry" type="NONE"/>
      <service name="MyService"/>
      <task-activities>
        <activity host-demand-mean="0.0" name="StartAction_start__EkLVIMhoEeKON4DtRoKCMw_34_5" bound-to-entry="RequestHandler_HandlerIF_main_345_Entry"/>
        <activity host-demand-mean="0.0" name="InternalAction_main__Iu1-wMhoEeKON4DtRoKCMw_34_50">
          <synch-call dest="InternalAction_main__Iu1-wMhoEeKON4DtRoKCMw_34_50_Entry" calls-mean="1.0"/>
        </activity>
        <activity host-demand-mean="0.0" name="InternalAction_BlackBoxDelay__M1PMYMhoEeKON4DtRoKCMw_34_50">
          <synch-call dest="InternalAction_BlackBoxDelay__M1PMYMhoEeKON4DtRoKCMw_34_50_Entry" calls-mean="1.0"/>
        </activity>
        <activity host-demand-mean="0.0" name="StopAction_stop__EkL8MMhoEeKON4DtRoKCMw_34_5"/>
        <precedence>
          <pre>
            <activity name="InternalAction_BlackBoxDelay__M1PMYMhoEeKON4DtRoKCMw_34_50"/>
          </pre>
          <post>
            <activity name="StopAction_stop__EkL8MMhoEeKON4DtRoKCMw_34_5"/>
          </post>
        </precedence>
        <precedence>
          <pre>
            <activity name="InternalAction_main__Iu1-wMhoEeKON4DtRoKCMw_34_50"/>
          </pre>
          <post>
            <activity name="InternalAction_BlackBoxDelay__M1PMYMhoEeKON4DtRoKCMw_34_50"/>
          </post>
        </precedence>
        <precedence>
          <pre>
            <activity name="StartAction_start__EkLVIMhoEeKON4DtRoKCMw_34_5"/>
          </pre>
          <post>
            <activity name="InternalAction_main__Iu1-wMhoEeKON4DtRoKCMw_34_50"/>
          </post>
        </precedence>
        <reply-entry name="RequestHandler_HandlerIF_main_345_Entry">
          <reply-activity name="StopAction_stop__EkL8MMhoEeKON4DtRoKCMw_34_5"/>
        </reply-entry>
      </task-activities>
    </task>
  </processor>
  <processor multiplicity="1" name="RequestHandler_HandlerIF_checkLogin_345_Processor" scheduling="fcfs">
    <task activity-graph="YES" multiplicity="1" name="RequestHandler_HandlerIF_checkLogin_345_Task" scheduling="inf" think-time="0.0">
      <entry name="RequestHandler_HandlerIF_checkLogin_345_Entry" type="NONE"/>
      <service name="MyService"/>
      <task-activities>
        <activity host-demand-mean="0.0" name="StartAction_start__EkI44MhoEeKON4DtRoKCMw_34_5" bound-to-entry="RequestHandler_HandlerIF_checkLogin_345_Entry"/>
        <activity host-demand-mean="0.0" name="InternalAction_CheckLogin__vHMZsMhoEeKON4DtRoKCMw_34_50">
          <synch-call dest="InternalAction_CheckLogin__vHMZsMhoEeKON4DtRoKCMw_34_50_Entry" calls-mean="1.0"/>
        </activity>
        <activity host-demand-mean="0.0" name="InternalAction_BlackBoxDelay__x-nSwMhoEeKON4DtRoKCMw_34_50">
          <synch-call dest="InternalAction_BlackBoxDelay__x-nSwMhoEeKON4DtRoKCMw_34_50_Entry" calls-mean="1.0"/>
        </activity>
        <activity host-demand-mean="0.0" name="ExternalCallAction_aName__FEq9oMhpEeKON4DtRoKCMw_34_5">
          <synch-call dest="DB_DBIF_query_678_Entry" calls-mean="1.0"/>
        </activity>
        <activity host-demand-mean="0.0" name="StopAction_stop__EkJf8MhoEeKON4DtRoKCMw_34_5"/>
        <precedence>
          <pre>
            <activity name="ExternalCallAction_aName__FEq9oMhpEeKON4DtRoKCMw_34_5"/>
          </pre>
          <post>
            <activity name="StopAction_stop__EkJf8MhoEeKON4DtRoKCMw_34_5"/>
          </post>
        </precedence>
        <precedence>
          <pre>
            <activity name="InternalAction_BlackBoxDelay__x-nSwMhoEeKON4DtRoKCMw_34_50"/>
          </pre>
          <post>
            <activity name="ExternalCallAction_aName__FEq9oMhpEeKON4DtRoKCMw_34_5"/>
          </post>
        </precedence>
        <precedence>
          <pre>
            <activity name="InternalAction_CheckLogin__vHMZsMhoEeKON4DtRoKCMw_34_50"/>
          </pre>
          <post>
            <activity name="InternalAction_BlackBoxDelay__x-nSwMhoEeKON4DtRoKCMw_34_50"/>
          </post>
        </precedence>
        <precedence>
          <pre>
            <activity name="StartAction_start__EkI44MhoEeKON4DtRoKCMw_34_5"/>
          </pre>
          <post>
            <activity name="InternalAction_CheckLogin__vHMZsMhoEeKON4DtRoKCMw_34_50"/>
          </post>
        </precedence>
        <reply-entry name="RequestHandler_HandlerIF_checkLogin_345_Entry">
          <reply-activity name="StopAction_stop__EkJf8MhoEeKON4DtRoKCMw_34_5"/>
        </reply-entry>
      </task-activities>
    </task>
  </processor>
  <processor multiplicity="1" name="DB_DBIF_query_678_Processor" scheduling="fcfs">
    <task activity-graph="YES" multiplicity="1" name="DB_DBIF_query_678_Task" scheduling="inf" think-time="0.0">
      <entry name="DB_DBIF_query_678_Entry" type="NONE"/>
      <service name="MyService"/>
      <task-activities>
        <activity host-demand-mean="0.0" name="StartAction_start__lpz5QMhoEeKON4DtRoKCMw_67_8" bound-to-entry="DB_DBIF_query_678_Entry"/>
        <activity host-demand-mean="0.0" name="InternalAction_runQuery__mg__8MhoEeKON4DtRoKCMw_67_80">
          <synch-call dest="InternalAction_runQuery__mg__8MhoEeKON4DtRoKCMw_67_80_Entry" calls-mean="1.0"/>
        </activity>
        <activity host-demand-mean="0.0" name="InternalAction_BlackBoxDelay__pWGk0MhoEeKON4DtRoKCMw_67_80">
          <synch-call dest="InternalAction_BlackBoxDelay__pWGk0MhoEeKON4DtRoKCMw_67_80_Entry" calls-mean="1.0"/>
        </activity>
        <activity host-demand-mean="0.0" name="StopAction_stop__lp0gUMhoEeKON4DtRoKCMw_67_8"/>
        <precedence>
          <pre>
            <activity name="InternalAction_BlackBoxDelay__pWGk0MhoEeKON4DtRoKCMw_67_80"/>
          </pre>
          <post>
            <activity name="StopAction_stop__lp0gUMhoEeKON4DtRoKCMw_67_8"/>
          </post>
        </precedence>
        <precedence>
          <pre>
            <activity name="InternalAction_runQuery__mg__8MhoEeKON4DtRoKCMw_67_80"/>
          </pre>
          <post>
            <activity name="InternalAction_BlackBoxDelay__pWGk0MhoEeKON4DtRoKCMw_67_80"/>
          </post>
        </precedence>
        <precedence>
          <pre>
            <activity name="StartAction_start__lpz5QMhoEeKON4DtRoKCMw_67_8"/>
          </pre>
          <post>
            <activity name="InternalAction_runQuery__mg__8MhoEeKON4DtRoKCMw_67_80"/>
          </post>
        </precedence>
        <reply-entry name="DB_DBIF_query_678_Entry">
          <reply-activity name="StopAction_stop__lp0gUMhoEeKON4DtRoKCMw_67_8"/>
        </reply-entry>
      </task-activities>
    </task>
  </processor>
  <processor multiplicity="1" name="RequestHandler_HandlerIF_quickadd_345_Processor" scheduling="fcfs">
    <task activity-graph="YES" multiplicity="1" name="RequestHandler_HandlerIF_quickadd_345_Task" scheduling="inf" think-time="0.0">
      <entry name="RequestHandler_HandlerIF_quickadd_345_Entry" type="NONE"/>
      <service name="MyService"/>
      <task-activities>
        <activity host-demand-mean="0.0" name="StartAction_start__EkBkIMhoEeKON4DtRoKCMw_34_5" bound-to-entry="RequestHandler_HandlerIF_quickadd_345_Entry"/>
        <activity host-demand-mean="0.0" name="InternalAction_addcart__5JEHQMhoEeKON4DtRoKCMw_34_50">
          <synch-call dest="InternalAction_addcart__5JEHQMhoEeKON4DtRoKCMw_34_50_Entry" calls-mean="1.0"/>
        </activity>
        <activity host-demand-mean="0.0" name="InternalAction_BlackBoxDelay__6b6PMMhoEeKON4DtRoKCMw_34_50">
          <synch-call dest="InternalAction_BlackBoxDelay__6b6PMMhoEeKON4DtRoKCMw_34_50_Entry" calls-mean="1.0"/>
        </activity>
        <activity host-demand-mean="0.0" name="ExternalCallAction_aName___WjkQMhoEeKON4DtRoKCMw_34_5">
          <synch-call dest="DB_DBIF_query_678_Entry" calls-mean="1.0"/>
        </activity>
        <activity host-demand-mean="0.0" name="StopAction_stop__EkCLMMhoEeKON4DtRoKCMw_34_5"/>
        <precedence>
          <pre>
            <activity name="ExternalCallAction_aName___WjkQMhoEeKON4DtRoKCMw_34_5"/>
          </pre>
          <post>
            <activity name="StopAction_stop__EkCLMMhoEeKON4DtRoKCMw_34_5"/>
          </post>
        </precedence>
        <precedence>
          <pre>
            <activity name="InternalAction_BlackBoxDelay__6b6PMMhoEeKON4DtRoKCMw_34_50"/>
          </pre>
          <post>
            <activity name="ExternalCallAction_aName___WjkQMhoEeKON4DtRoKCMw_34_5"/>
          </post>
        </precedence>
        <precedence>
          <pre>
            <activity name="InternalAction_addcart__5JEHQMhoEeKON4DtRoKCMw_34_50"/>
          </pre>
          <post>
            <activity name="InternalAction_BlackBoxDelay__6b6PMMhoEeKON4DtRoKCMw_34_50"/>
          </post>
        </precedence>
        <precedence>
          <pre>
            <activity name="StartAction_start__EkBkIMhoEeKON4DtRoKCMw_34_5"/>
          </pre>
          <post>
            <activity name="InternalAction_addcart__5JEHQMhoEeKON4DtRoKCMw_34_50"/>
          </post>
        </precedence>
        <reply-entry name="RequestHandler_HandlerIF_quickadd_345_Entry">
          <reply-activity name="StopAction_stop__EkCLMMhoEeKON4DtRoKCMw_34_5"/>
        </reply-entry>
      </task-activities>
    </task>
  </processor>
  <processor multiplicity="1" name="RequestHandler_HandlerIF_addcartbulk_345_Processor" scheduling="fcfs">
    <task activity-graph="YES" multiplicity="1" name="RequestHandler_HandlerIF_addcartbulk_345_Task" scheduling="inf" think-time="0.0">
      <entry name="RequestHandler_HandlerIF_addcartbulk_345_Entry" type="NONE"/>
      <service name="MyService"/>
      <task-activities>
        <activity host-demand-mean="0.0" name="StartAction_start__EkEAYMhoEeKON4DtRoKCMw_34_5" bound-to-entry="RequestHandler_HandlerIF_addcartbulk_345_Entry"/>
        <activity host-demand-mean="0.0" name="InternalAction_addcartbulk__NIj7kMhpEeKON4DtRoKCMw_34_50">
          <synch-call dest="InternalAction_addcartbulk__NIj7kMhpEeKON4DtRoKCMw_34_50_Entry" calls-mean="1.0"/>
        </activity>
        <activity host-demand-mean="0.0" name="InternalAction_BlackBoxDelay__NdXt8MhpEeKON4DtRoKCMw_34_50">
          <synch-call dest="InternalAction_BlackBoxDelay__NdXt8MhpEeKON4DtRoKCMw_34_50_Entry" calls-mean="1.0"/>
        </activity>
        <activity host-demand-mean="0.0" name="ExternalCallAction_aName__NqMpAMhpEeKON4DtRoKCMw_34_5">
          <synch-call dest="DB_DBIF_query_678_Entry" calls-mean="1.0"/>
        </activity>
        <activity host-demand-mean="0.0" name="StopAction_stop__EkEncMhoEeKON4DtRoKCMw_34_5"/>
        <precedence>
          <pre>
            <activity name="ExternalCallAction_aName__NqMpAMhpEeKON4DtRoKCMw_34_5"/>
          </pre>
          <post>
            <activity name="StopAction_stop__EkEncMhoEeKON4DtRoKCMw_34_5"/>
          </post>
        </precedence>
        <precedence>
          <pre>
            <activity name="InternalAction_BlackBoxDelay__NdXt8MhpEeKON4DtRoKCMw_34_50"/>
          </pre>
          <post>
            <activity name="ExternalCallAction_aName__NqMpAMhpEeKON4DtRoKCMw_34_5"/>
          </post>
        </precedence>
        <precedence>
          <pre>
            <activity name="InternalAction_addcartbulk__NIj7kMhpEeKON4DtRoKCMw_34_50"/>
          </pre>
          <post>
            <activity name="InternalAction_BlackBoxDelay__NdXt8MhpEeKON4DtRoKCMw_34_50"/>
          </post>
        </precedence>
        <precedence>
          <pre>
            <activity name="StartAction_start__EkEAYMhoEeKON4DtRoKCMw_34_5"/>
          </pre>
          <post>
            <activity name="InternalAction_addcartbulk__NIj7kMhpEeKON4DtRoKCMw_34_50"/>
          </post>
        </precedence>
        <reply-entry name="RequestHandler_HandlerIF_addcartbulk_345_Entry">
          <reply-activity name="StopAction_stop__EkEncMhoEeKON4DtRoKCMw_34_5"/>
        </reply-entry>
      </task-activities>
    </task>
  </processor>
  <processor multiplicity="1" name="RequestHandler_HandlerIF_checkoutoptions_349_Processor" scheduling="fcfs">
    <task activity-graph="YES" multiplicity="1" name="RequestHandler_HandlerIF_checkoutoptions_349_Task" scheduling="inf" think-time="0.0">
      <entry name="RequestHandler_HandlerIF_checkoutoptions_349_Entry" type="NONE"/>
      <service name="MyService"/>
      <task-activities>
        <activity host-demand-mean="0.0" name="StartAction_start__EkGcoMhoEeKON4DtRoKCMw_34_9" bound-to-entry="RequestHandler_HandlerIF_checkoutoptions_349_Entry"/>
        <activity host-demand-mean="0.0" name="BranchAction_Decision__-4suIMhpEeKON4DtRoKCMw_34_9"/>
        <activity host-demand-mean="0.0" name="StartAction_aName__AFwXIchqEeKON4DtRoKCMw_34_9"/>
        <activity host-demand-mean="0.0" name="InternalAction_PerformCheckout__MGKN8MhqEeKON4DtRoKCMw_34_90">
          <synch-call dest="InternalAction_PerformCheckout__MGKN8MhqEeKON4DtRoKCMw_34_90_Entry" calls-mean="1.0"/>
        </activity>
        <activity host-demand-mean="0.0" name="InternalAction_BlackBoxDelay__P0oq0MhqEeKON4DtRoKCMw_34_90">
          <synch-call dest="InternalAction_BlackBoxDelay__P0oq0MhqEeKON4DtRoKCMw_34_90_Entry" calls-mean="1.0"/>
        </activity>
        <activity host-demand-mean="0.0" name="ExternalCallAction_aName__QG-YAMhqEeKON4DtRoKCMw_34_9">
          <synch-call dest="DB_DBIF_query_678_Entry" calls-mean="1.0"/>
        </activity>
        <activity host-demand-mean="0.0" name="StopAction_aName__AFw-MMhqEeKON4DtRoKCMw_34_9"/>
        <activity host-demand-mean="0.0" name="StopAction_stop__EkHDsMhoEeKON4DtRoKCMw_34_9"/>
        <precedence>
          <pre>
            <activity name="BranchAction_Decision__-4suIMhpEeKON4DtRoKCMw_34_9"/>
          </pre>
          <post-OR>
            <activity name="StartAction_aName__AFwXIchqEeKON4DtRoKCMw_34_9" prob="1.0"/>
          </post-OR>
        </precedence>
        <precedence>
          <pre-OR>
            <activity name="StopAction_aName__AFw-MMhqEeKON4DtRoKCMw_34_9"/>
          </pre-OR>
          <post>
            <activity name="StopAction_stop__EkHDsMhoEeKON4DtRoKCMw_34_9"/>
          </post>
        </precedence>
        <precedence>
          <pre>
            <activity name="ExternalCallAction_aName__QG-YAMhqEeKON4DtRoKCMw_34_9"/>
          </pre>
          <post>
            <activity name="StopAction_aName__AFw-MMhqEeKON4DtRoKCMw_34_9"/>
          </post>
        </precedence>
        <precedence>
          <pre>
            <activity name="InternalAction_BlackBoxDelay__P0oq0MhqEeKON4DtRoKCMw_34_90"/>
          </pre>
          <post>
            <activity name="ExternalCallAction_aName__QG-YAMhqEeKON4DtRoKCMw_34_9"/>
          </post>
        </precedence>
        <precedence>
          <pre>
            <activity name="InternalAction_PerformCheckout__MGKN8MhqEeKON4DtRoKCMw_34_90"/>
          </pre>
          <post>
            <activity name="InternalAction_BlackBoxDelay__P0oq0MhqEeKON4DtRoKCMw_34_90"/>
          </post>
        </precedence>
        <precedence>
          <pre>
            <activity name="StartAction_aName__AFwXIchqEeKON4DtRoKCMw_34_9"/>
          </pre>
          <post>
            <activity name="InternalAction_PerformCheckout__MGKN8MhqEeKON4DtRoKCMw_34_90"/>
          </post>
        </precedence>
        <precedence>
          <pre>
            <activity name="StartAction_start__EkGcoMhoEeKON4DtRoKCMw_34_9"/>
          </pre>
          <post>
            <activity name="BranchAction_Decision__-4suIMhpEeKON4DtRoKCMw_34_9"/>
          </post>
        </precedence>
        <reply-entry name="RequestHandler_HandlerIF_checkoutoptions_349_Entry">
          <reply-activity name="StopAction_stop__EkHDsMhoEeKON4DtRoKCMw_34_9"/>
        </reply-entry>
      </task-activities>
    </task>
  </processor>
  <processor multiplicity="1" name="RequestHandler_HandlerIF_checkoutoptions_3410_Processor" scheduling="fcfs">
    <task activity-graph="YES" multiplicity="1" name="RequestHandler_HandlerIF_checkoutoptions_3410_Task" scheduling="inf" think-time="0.0">
      <entry name="RequestHandler_HandlerIF_checkoutoptions_3410_Entry" type="NONE"/>
      <service name="MyService"/>
      <task-activities>
        <activity host-demand-mean="0.0" name="StartAction_start__EkGcoMhoEeKON4DtRoKCMw_34_10" bound-to-entry="RequestHandler_HandlerIF_checkoutoptions_3410_Entry"/>
        <activity host-demand-mean="0.0" name="BranchAction_Decision__-4suIMhpEeKON4DtRoKCMw_34_10"/>
        <activity host-demand-mean="0.0" name="StartAction_aName__VP714MhqEeKON4DtRoKCMw_34_10"/>
        <activity host-demand-mean="0.0" name="InternalAction_ADDRNEXT__dMuGQMhqEeKON4DtRoKCMw_34_100">
          <synch-call dest="InternalAction_ADDRNEXT__dMuGQMhqEeKON4DtRoKCMw_34_100_Entry" calls-mean="1.0"/>
        </activity>
        <activity host-demand-mean="0.0" name="InternalAction_BlackBoxDelay__dTbyQMhqEeKON4DtRoKCMw_34_100">
          <synch-call dest="InternalAction_BlackBoxDelay__dTbyQMhqEeKON4DtRoKCMw_34_100_Entry" calls-mean="1.0"/>
        </activity>
        <activity host-demand-mean="0.0" name="ExternalCallAction_aName__d8fWUMhqEeKON4DtRoKCMw_34_10">
          <synch-call dest="DB_DBIF_query_678_Entry" calls-mean="1.0"/>
        </activity>
        <activity host-demand-mean="0.0" name="StopAction_aName__VP8c8MhqEeKON4DtRoKCMw_34_10"/>
        <activity host-demand-mean="0.0" name="StopAction_stop__EkHDsMhoEeKON4DtRoKCMw_34_10"/>
        <precedence>
          <pre>
            <activity name="BranchAction_Decision__-4suIMhpEeKON4DtRoKCMw_34_10"/>
          </pre>
          <post-OR>
            <activity name="StartAction_aName__VP714MhqEeKON4DtRoKCMw_34_10" prob="1.0"/>
          </post-OR>
        </precedence>
        <precedence>
          <pre-OR>
            <activity name="StopAction_aName__VP8c8MhqEeKON4DtRoKCMw_34_10"/>
          </pre-OR>
          <post>
            <activity name="StopAction_stop__EkHDsMhoEeKON4DtRoKCMw_34_10"/>
          </post>
        </precedence>
        <precedence>
          <pre>
            <activity name="ExternalCallAction_aName__d8fWUMhqEeKON4DtRoKCMw_34_10"/>
          </pre>
          <post>
            <activity name="StopAction_aName__VP8c8MhqEeKON4DtRoKCMw_34_10"/>
          </post>
        </precedence>
        <precedence>
          <pre>
            <activity name="InternalAction_BlackBoxDelay__dTbyQMhqEeKON4DtRoKCMw_34_100"/>
          </pre>
          <post>
            <activity name="ExternalCallAction_aName__d8fWUMhqEeKON4DtRoKCMw_34_10"/>
          </post>
        </precedence>
        <precedence>
          <pre>
            <activity name="InternalAction_ADDRNEXT__dMuGQMhqEeKON4DtRoKCMw_34_100"/>
          </pre>
          <post>
            <activity name="InternalAction_BlackBoxDelay__dTbyQMhqEeKON4DtRoKCMw_34_100"/>
          </post>
        </precedence>
        <precedence>
          <pre>
            <activity name="StartAction_aName__VP714MhqEeKON4DtRoKCMw_34_10"/>
          </pre>
          <post>
            <activity name="InternalAction_ADDRNEXT__dMuGQMhqEeKON4DtRoKCMw_34_100"/>
          </post>
        </precedence>
        <precedence>
          <pre>
            <activity name="StartAction_start__EkGcoMhoEeKON4DtRoKCMw_34_10"/>
          </pre>
          <post>
            <activity name="BranchAction_Decision__-4suIMhpEeKON4DtRoKCMw_34_10"/>
          </post>
        </precedence>
        <reply-entry name="RequestHandler_HandlerIF_checkoutoptions_3410_Entry">
          <reply-activity name="StopAction_stop__EkHDsMhoEeKON4DtRoKCMw_34_10"/>
        </reply-entry>
      </task-activities>
    </task>
  </processor>
  <processor multiplicity="1" name="RequestHandler_HandlerIF_checkoutoptions_3411_Processor" scheduling="fcfs">
    <task activity-graph="YES" multiplicity="1" name="RequestHandler_HandlerIF_checkoutoptions_3411_Task" scheduling="inf" think-time="0.0">
      <entry name="RequestHandler_HandlerIF_checkoutoptions_3411_Entry" type="NONE"/>
      <service name="MyService"/>
      <task-activities>
        <activity host-demand-mean="0.0" name="StartAction_start__EkGcoMhoEeKON4DtRoKCMw_34_11" bound-to-entry="RequestHandler_HandlerIF_checkoutoptions_3411_Entry"/>
        <activity host-demand-mean="0.0" name="BranchAction_Decision__-4suIMhpEeKON4DtRoKCMw_34_11"/>
        <activity host-demand-mean="0.0" name="StartAction_aName__jpt-4MhqEeKON4DtRoKCMw_34_11"/>
        <activity host-demand-mean="0.0" name="InternalAction_SHIPNEXT__o1drAMhqEeKON4DtRoKCMw_34_110">
          <synch-call dest="InternalAction_SHIPNEXT__o1drAMhqEeKON4DtRoKCMw_34_110_Entry" calls-mean="1.0"/>
        </activity>
        <activity host-demand-mean="0.0" name="InternalAction_BlackBoxDelay__pGZqAMhqEeKON4DtRoKCMw_34_110">
          <synch-call dest="InternalAction_BlackBoxDelay__pGZqAMhqEeKON4DtRoKCMw_34_110_Entry" calls-mean="1.0"/>
        </activity>
        <activity host-demand-mean="0.0" name="ExternalCallAction_aName__pzv4MMhqEeKON4DtRoKCMw_34_11">
          <synch-call dest="DB_DBIF_query_678_Entry" calls-mean="1.0"/>
        </activity>
        <activity host-demand-mean="0.0" name="StopAction_aName__jpt-4chqEeKON4DtRoKCMw_34_11"/>
        <activity host-demand-mean="0.0" name="StopAction_stop__EkHDsMhoEeKON4DtRoKCMw_34_11"/>
        <precedence>
          <pre>
            <activity name="BranchAction_Decision__-4suIMhpEeKON4DtRoKCMw_34_11"/>
          </pre>
          <post-OR>
            <activity name="StartAction_aName__jpt-4MhqEeKON4DtRoKCMw_34_11" prob="1.0"/>
          </post-OR>
        </precedence>
        <precedence>
          <pre-OR>
            <activity name="StopAction_aName__jpt-4chqEeKON4DtRoKCMw_34_11"/>
          </pre-OR>
          <post>
            <activity name="StopAction_stop__EkHDsMhoEeKON4DtRoKCMw_34_11"/>
          </post>
        </precedence>
        <precedence>
          <pre>
            <activity name="ExternalCallAction_aName__pzv4MMhqEeKON4DtRoKCMw_34_11"/>
          </pre>
          <post>
            <activity name="StopAction_aName__jpt-4chqEeKON4DtRoKCMw_34_11"/>
          </post>
        </precedence>
        <precedence>
          <pre>
            <activity name="InternalAction_BlackBoxDelay__pGZqAMhqEeKON4DtRoKCMw_34_110"/>
          </pre>
          <post>
            <activity name="ExternalCallAction_aName__pzv4MMhqEeKON4DtRoKCMw_34_11"/>
          </post>
        </precedence>
        <precedence>
          <pre>
            <activity name="InternalAction_SHIPNEXT__o1drAMhqEeKON4DtRoKCMw_34_110"/>
          </pre>
          <post>
            <activity name="InternalAction_BlackBoxDelay__pGZqAMhqEeKON4DtRoKCMw_34_110"/>
          </post>
        </precedence>
        <precedence>
          <pre>
            <activity name="StartAction_aName__jpt-4MhqEeKON4DtRoKCMw_34_11"/>
          </pre>
          <post>
            <activity name="InternalAction_SHIPNEXT__o1drAMhqEeKON4DtRoKCMw_34_110"/>
          </post>
        </precedence>
        <precedence>
          <pre>
            <activity name="StartAction_start__EkGcoMhoEeKON4DtRoKCMw_34_11"/>
          </pre>
          <post>
            <activity name="BranchAction_Decision__-4suIMhpEeKON4DtRoKCMw_34_11"/>
          </post>
        </precedence>
        <reply-entry name="RequestHandler_HandlerIF_checkoutoptions_3411_Entry">
          <reply-activity name="StopAction_stop__EkHDsMhoEeKON4DtRoKCMw_34_11"/>
        </reply-entry>
      </task-activities>
    </task>
  </processor>
  <processor multiplicity="1" name="RequestHandler_HandlerIF_checkoutoptions_3412_Processor" scheduling="fcfs">
    <task activity-graph="YES" multiplicity="1" name="RequestHandler_HandlerIF_checkoutoptions_3412_Task" scheduling="inf" think-time="0.0">
      <entry name="RequestHandler_HandlerIF_checkoutoptions_3412_Entry" type="NONE"/>
      <service name="MyService"/>
      <task-activities>
        <activity host-demand-mean="0.0" name="StartAction_start__EkGcoMhoEeKON4DtRoKCMw_34_12" bound-to-entry="RequestHandler_HandlerIF_checkoutoptions_3412_Entry"/>
        <activity host-demand-mean="0.0" name="BranchAction_Decision__-4suIMhpEeKON4DtRoKCMw_34_12"/>
        <activity host-demand-mean="0.0" name="StartAction_aName__uZsIkchqEeKON4DtRoKCMw_34_12"/>
        <activity host-demand-mean="0.0" name="InternalAction_PAYNEXT__1lC8AMhqEeKON4DtRoKCMw_34_120">
          <synch-call dest="InternalAction_PAYNEXT__1lC8AMhqEeKON4DtRoKCMw_34_120_Entry" calls-mean="1.0"/>
        </activity>
        <activity host-demand-mean="0.0" name="InternalAction_BlackBoxDelay__1t25wMhqEeKON4DtRoKCMw_34_120">
          <synch-call dest="InternalAction_BlackBoxDelay__1t25wMhqEeKON4DtRoKCMw_34_120_Entry" calls-mean="1.0"/>
        </activity>
        <activity host-demand-mean="0.0" name="ExternalCallAction_aName__2EScwMhqEeKON4DtRoKCMw_34_12">
          <synch-call dest="DB_DBIF_query_678_Entry" calls-mean="1.0"/>
        </activity>
        <activity host-demand-mean="0.0" name="StopAction_aName__uZsvoMhqEeKON4DtRoKCMw_34_12"/>
        <activity host-demand-mean="0.0" name="StopAction_stop__EkHDsMhoEeKON4DtRoKCMw_34_12"/>
        <precedence>
          <pre>
            <activity name="BranchAction_Decision__-4suIMhpEeKON4DtRoKCMw_34_12"/>
          </pre>
          <post-OR>
            <activity name="StartAction_aName__uZsIkchqEeKON4DtRoKCMw_34_12" prob="1.0"/>
          </post-OR>
        </precedence>
        <precedence>
          <pre-OR>
            <activity name="StopAction_aName__uZsvoMhqEeKON4DtRoKCMw_34_12"/>
          </pre-OR>
          <post>
            <activity name="StopAction_stop__EkHDsMhoEeKON4DtRoKCMw_34_12"/>
          </post>
        </precedence>
        <precedence>
          <pre>
            <activity name="ExternalCallAction_aName__2EScwMhqEeKON4DtRoKCMw_34_12"/>
          </pre>
          <post>
            <activity name="StopAction_aName__uZsvoMhqEeKON4DtRoKCMw_34_12"/>
          </post>
        </precedence>
        <precedence>
          <pre>
            <activity name="InternalAction_BlackBoxDelay__1t25wMhqEeKON4DtRoKCMw_34_120"/>
          </pre>
          <post>
            <activity name="ExternalCallAction_aName__2EScwMhqEeKON4DtRoKCMw_34_12"/>
          </post>
        </precedence>
        <precedence>
          <pre>
            <activity name="InternalAction_PAYNEXT__1lC8AMhqEeKON4DtRoKCMw_34_120"/>
          </pre>
          <post>
            <activity name="InternalAction_BlackBoxDelay__1t25wMhqEeKON4DtRoKCMw_34_120"/>
          </post>
        </precedence>
        <precedence>
          <pre>
            <activity name="StartAction_aName__uZsIkchqEeKON4DtRoKCMw_34_12"/>
          </pre>
          <post>
            <activity name="InternalAction_PAYNEXT__1lC8AMhqEeKON4DtRoKCMw_34_120"/>
          </post>
        </precedence>
        <precedence>
          <pre>
            <activity name="StartAction_start__EkGcoMhoEeKON4DtRoKCMw_34_12"/>
          </pre>
          <post>
            <activity name="BranchAction_Decision__-4suIMhpEeKON4DtRoKCMw_34_12"/>
          </post>
        </precedence>
        <reply-entry name="RequestHandler_HandlerIF_checkoutoptions_3412_Entry">
          <reply-activity name="StopAction_stop__EkHDsMhoEeKON4DtRoKCMw_34_12"/>
        </reply-entry>
      </task-activities>
    </task>
  </processor>
  <processor multiplicity="1" name="RequestHandler_HandlerIF_processorder_345_Processor" scheduling="fcfs">
    <task activity-graph="YES" multiplicity="1" name="RequestHandler_HandlerIF_processorder_345_Task" scheduling="inf" think-time="0.0">
      <entry name="RequestHandler_HandlerIF_processorder_345_Entry" type="NONE"/>
      <service name="MyService"/>
      <task-activities>
        <activity host-demand-mean="0.0" name="StartAction_start__EkNxYMhoEeKON4DtRoKCMw_34_5" bound-to-entry="RequestHandler_HandlerIF_processorder_345_Entry"/>
        <activity host-demand-mean="0.0" name="InternalAction_aName__NDCQcMhrEeKON4DtRoKCMw_34_50">
          <synch-call dest="InternalAction_aName__NDCQcMhrEeKON4DtRoKCMw_34_50_Entry" calls-mean="1.0"/>
        </activity>
        <activity host-demand-mean="0.0" name="InternalAction_aName__NRuMsMhrEeKON4DtRoKCMw_34_50">
          <synch-call dest="InternalAction_aName__NRuMsMhrEeKON4DtRoKCMw_34_50_Entry" calls-mean="1.0"/>
        </activity>
        <activity host-demand-mean="0.0" name="ExternalCallAction_aName__NcSd8MhrEeKON4DtRoKCMw_34_5">
          <synch-call dest="ExternalService_ServiceIF_InvokeExternalService_131415_Entry" calls-mean="1.0"/>
        </activity>
        <activity host-demand-mean="0.0" name="StopAction_stop__EkOYcMhoEeKON4DtRoKCMw_34_5"/>
        <precedence>
          <pre>
            <activity name="ExternalCallAction_aName__NcSd8MhrEeKON4DtRoKCMw_34_5"/>
          </pre>
          <post>
            <activity name="StopAction_stop__EkOYcMhoEeKON4DtRoKCMw_34_5"/>
          </post>
        </precedence>
        <precedence>
          <pre>
            <activity name="InternalAction_aName__NRuMsMhrEeKON4DtRoKCMw_34_50"/>
          </pre>
          <post>
            <activity name="ExternalCallAction_aName__NcSd8MhrEeKON4DtRoKCMw_34_5"/>
          </post>
        </precedence>
        <precedence>
          <pre>
            <activity name="InternalAction_aName__NDCQcMhrEeKON4DtRoKCMw_34_50"/>
          </pre>
          <post>
            <activity name="InternalAction_aName__NRuMsMhrEeKON4DtRoKCMw_34_50"/>
          </post>
        </precedence>
        <precedence>
          <pre>
            <activity name="StartAction_start__EkNxYMhoEeKON4DtRoKCMw_34_5"/>
          </pre>
          <post>
            <activity name="InternalAction_aName__NDCQcMhrEeKON4DtRoKCMw_34_50"/>
          </post>
        </precedence>
        <reply-entry name="RequestHandler_HandlerIF_processorder_345_Entry">
          <reply-activity name="StopAction_stop__EkOYcMhoEeKON4DtRoKCMw_34_5"/>
        </reply-entry>
      </task-activities>
    </task>
  </processor>
  <processor multiplicity="1" name="ExternalService_ServiceIF_InvokeExternalService_131415_Processor" scheduling="fcfs">
    <task activity-graph="YES" multiplicity="1" name="ExternalService_ServiceIF_InvokeExternalService_131415_Task" scheduling="inf" think-time="0.0">
      <entry name="ExternalService_ServiceIF_InvokeExternalService_131415_Entry" type="NONE"/>
      <service name="MyService"/>
      <task-activities>
        <activity host-demand-mean="0.0" name="StartAction_start__FeMmAchrEeKON4DtRoKCMw_1314_15" bound-to-entry="ExternalService_ServiceIF_InvokeExternalService_131415_Entry"/>
        <activity host-demand-mean="0.0" name="InternalAction_doWork__G089kMhrEeKON4DtRoKCMw_1314_150">
          <synch-call dest="InternalAction_doWork__G089kMhrEeKON4DtRoKCMw_1314_150_Entry" calls-mean="1.0"/>
        </activity>
        <activity host-demand-mean="0.0" name="InternalAction_BlackBoxDelay__I7NfcMhrEeKON4DtRoKCMw_1314_150">
          <synch-call dest="InternalAction_BlackBoxDelay__I7NfcMhrEeKON4DtRoKCMw_1314_150_Entry" calls-mean="1.0"/>
        </activity>
        <activity host-demand-mean="0.0" name="StopAction_stop__FeNNEMhrEeKON4DtRoKCMw_1314_15"/>
        <precedence>
          <pre>
            <activity name="InternalAction_BlackBoxDelay__I7NfcMhrEeKON4DtRoKCMw_1314_150"/>
          </pre>
          <post>
            <activity name="StopAction_stop__FeNNEMhrEeKON4DtRoKCMw_1314_15"/>
          </post>
        </precedence>
        <precedence>
          <pre>
            <activity name="InternalAction_doWork__G089kMhrEeKON4DtRoKCMw_1314_150"/>
          </pre>
          <post>
            <activity name="InternalAction_BlackBoxDelay__I7NfcMhrEeKON4DtRoKCMw_1314_150"/>
          </post>
        </precedence>
        <precedence>
          <pre>
            <activity name="StartAction_start__FeMmAchrEeKON4DtRoKCMw_1314_15"/>
          </pre>
          <post>
            <activity name="InternalAction_doWork__G089kMhrEeKON4DtRoKCMw_1314_150"/>
          </post>
        </precedence>
        <reply-entry name="ExternalService_ServiceIF_InvokeExternalService_131415_Entry">
          <reply-activity name="StopAction_stop__FeNNEMhrEeKON4DtRoKCMw_1314_15"/>
        </reply-entry>
      </task-activities>
    </task>
  </processor>
  <processor multiplicity="1" name="RequestHandler_HandlerIF_orderhistory_345_Processor" scheduling="fcfs">
    <task activity-graph="YES" multiplicity="1" name="RequestHandler_HandlerIF_orderhistory_345_Task" scheduling="inf" think-time="0.0">
      <entry name="RequestHandler_HandlerIF_orderhistory_345_Entry" type="NONE"/>
      <service name="MyService"/>
      <task-activities>
        <activity host-demand-mean="0.0" name="StartAction_start__EkQ0sMhoEeKON4DtRoKCMw_34_5" bound-to-entry="RequestHandler_HandlerIF_orderhistory_345_Entry"/>
        <activity host-demand-mean="0.0" name="InternalAction_aName__ZGTOAMhrEeKON4DtRoKCMw_34_50">
          <synch-call dest="InternalAction_aName__ZGTOAMhrEeKON4DtRoKCMw_34_50_Entry" calls-mean="1.0"/>
        </activity>
        <activity host-demand-mean="0.0" name="InternalAction_aName__ZNTN4MhrEeKON4DtRoKCMw_34_50">
          <synch-call dest="InternalAction_aName__ZNTN4MhrEeKON4DtRoKCMw_34_50_Entry" calls-mean="1.0"/>
        </activity>
        <activity host-demand-mean="0.0" name="ExternalCallAction_aName__ZgOw8MhrEeKON4DtRoKCMw_34_5">
          <synch-call dest="DB_DBIF_query_678_Entry" calls-mean="1.0"/>
        </activity>
        <activity host-demand-mean="0.0" name="StopAction_stop__EkQ0schoEeKON4DtRoKCMw_34_5"/>
        <precedence>
          <pre>
            <activity name="ExternalCallAction_aName__ZgOw8MhrEeKON4DtRoKCMw_34_5"/>
          </pre>
          <post>
            <activity name="StopAction_stop__EkQ0schoEeKON4DtRoKCMw_34_5"/>
          </post>
        </precedence>
        <precedence>
          <pre>
            <activity name="InternalAction_aName__ZNTN4MhrEeKON4DtRoKCMw_34_50"/>
          </pre>
          <post>
            <activity name="ExternalCallAction_aName__ZgOw8MhrEeKON4DtRoKCMw_34_5"/>
          </post>
        </precedence>
        <precedence>
          <pre>
            <activity name="InternalAction_aName__ZGTOAMhrEeKON4DtRoKCMw_34_50"/>
          </pre>
          <post>
            <activity name="InternalAction_aName__ZNTN4MhrEeKON4DtRoKCMw_34_50"/>
          </post>
        </precedence>
        <precedence>
          <pre>
            <activity name="StartAction_start__EkQ0sMhoEeKON4DtRoKCMw_34_5"/>
          </pre>
          <post>
            <activity name="InternalAction_aName__ZGTOAMhrEeKON4DtRoKCMw_34_50"/>
          </post>
        </precedence>
        <reply-entry name="RequestHandler_HandlerIF_orderhistory_345_Entry">
          <reply-activity name="StopAction_stop__EkQ0schoEeKON4DtRoKCMw_34_5"/>
        </reply-entry>
      </task-activities>
    </task>
  </processor>
  <processor multiplicity="1" name="RequestHandler_HandlerIF_orderstatus_345_Processor" scheduling="fcfs">
    <task activity-graph="YES" multiplicity="1" name="RequestHandler_HandlerIF_orderstatus_345_Task" scheduling="inf" think-time="0.0">
      <entry name="RequestHandler_HandlerIF_orderstatus_345_Entry" type="NONE"/>
      <service name="MyService"/>
      <task-activities>
        <activity host-demand-mean="0.0" name="StartAction_start__EkTQ8MhoEeKON4DtRoKCMw_34_5" bound-to-entry="RequestHandler_HandlerIF_orderstatus_345_Entry"/>
        <activity host-demand-mean="0.0" name="InternalAction_aName__eddf8MhrEeKON4DtRoKCMw_34_50">
          <synch-call dest="InternalAction_aName__eddf8MhrEeKON4DtRoKCMw_34_50_Entry" calls-mean="1.0"/>
        </activity>
        <activity host-demand-mean="0.0" name="InternalAction_BlackBoxDelay__egwEgMhrEeKON4DtRoKCMw_34_50">
          <synch-call dest="InternalAction_BlackBoxDelay__egwEgMhrEeKON4DtRoKCMw_34_50_Entry" calls-mean="1.0"/>
        </activity>
        <activity host-demand-mean="0.0" name="ExternalCallAction_aName__evHQoMhrEeKON4DtRoKCMw_34_5">
          <synch-call dest="DB_DBIF_query_678_Entry" calls-mean="1.0"/>
        </activity>
        <activity host-demand-mean="0.0" name="StopAction_stop__EkTQ8choEeKON4DtRoKCMw_34_5"/>
        <precedence>
          <pre>
            <activity name="ExternalCallAction_aName__evHQoMhrEeKON4DtRoKCMw_34_5"/>
          </pre>
          <post>
            <activity name="StopAction_stop__EkTQ8choEeKON4DtRoKCMw_34_5"/>
          </post>
        </precedence>
        <precedence>
          <pre>
            <activity name="InternalAction_BlackBoxDelay__egwEgMhrEeKON4DtRoKCMw_34_50"/>
          </pre>
          <post>
            <activity name="ExternalCallAction_aName__evHQoMhrEeKON4DtRoKCMw_34_5"/>
          </post>
        </precedence>
        <precedence>
          <pre>
            <activity name="InternalAction_aName__eddf8MhrEeKON4DtRoKCMw_34_50"/>
          </pre>
          <post>
            <activity name="InternalAction_BlackBoxDelay__egwEgMhrEeKON4DtRoKCMw_34_50"/>
          </post>
        </precedence>
        <precedence>
          <pre>
            <activity name="StartAction_start__EkTQ8MhoEeKON4DtRoKCMw_34_5"/>
          </pre>
          <post>
            <activity name="InternalAction_aName__eddf8MhrEeKON4DtRoKCMw_34_50"/>
          </post>
        </precedence>
        <reply-entry name="RequestHandler_HandlerIF_orderstatus_345_Entry">
          <reply-activity name="StopAction_stop__EkTQ8choEeKON4DtRoKCMw_34_5"/>
        </reply-entry>
      </task-activities>
    </task>
  </processor>
  <processor multiplicity="1" name="RequestHandler_HandlerIF_logout_345_Processor" scheduling="fcfs">
    <task activity-graph="YES" multiplicity="1" name="RequestHandler_HandlerIF_logout_345_Task" scheduling="inf" think-time="0.0">
      <entry name="RequestHandler_HandlerIF_logout_345_Entry" type="NONE"/>
      <service name="MyService"/>
      <task-activities>
        <activity host-demand-mean="0.0" name="StartAction_start__EkVtMMhoEeKON4DtRoKCMw_34_5" bound-to-entry="RequestHandler_HandlerIF_logout_345_Entry"/>
        <activity host-demand-mean="0.0" name="InternalAction_aName__j-2E4MhrEeKON4DtRoKCMw_34_50">
          <synch-call dest="InternalAction_aName__j-2E4MhrEeKON4DtRoKCMw_34_50_Entry" calls-mean="1.0"/>
        </activity>
        <activity host-demand-mean="0.0" name="InternalAction_aName__kGN4MMhrEeKON4DtRoKCMw_34_50">
          <synch-call dest="InternalAction_aName__kGN4MMhrEeKON4DtRoKCMw_34_50_Entry" calls-mean="1.0"/>
        </activity>
        <activity host-demand-mean="0.0" name="ExternalCallAction_aName__kcHPsMhrEeKON4DtRoKCMw_34_5">
          <synch-call dest="DB_DBIF_query_678_Entry" calls-mean="1.0"/>
        </activity>
        <activity host-demand-mean="0.0" name="StopAction_stop__EkVtMchoEeKON4DtRoKCMw_34_5"/>
        <precedence>
          <pre>
            <activity name="ExternalCallAction_aName__kcHPsMhrEeKON4DtRoKCMw_34_5"/>
          </pre>
          <post>
            <activity name="StopAction_stop__EkVtMchoEeKON4DtRoKCMw_34_5"/>
          </post>
        </precedence>
        <precedence>
          <pre>
            <activity name="InternalAction_aName__kGN4MMhrEeKON4DtRoKCMw_34_50"/>
          </pre>
          <post>
            <activity name="ExternalCallAction_aName__kcHPsMhrEeKON4DtRoKCMw_34_5"/>
          </post>
        </precedence>
        <precedence>
          <pre>
            <activity name="InternalAction_aName__j-2E4MhrEeKON4DtRoKCMw_34_50"/>
          </pre>
          <post>
            <activity name="InternalAction_aName__kGN4MMhrEeKON4DtRoKCMw_34_50"/>
          </post>
        </precedence>
        <precedence>
          <pre>
            <activity name="StartAction_start__EkVtMMhoEeKON4DtRoKCMw_34_5"/>
          </pre>
          <post>
            <activity name="InternalAction_aName__j-2E4MhrEeKON4DtRoKCMw_34_50"/>
          </post>
        </precedence>
        <reply-entry name="RequestHandler_HandlerIF_logout_345_Entry">
          <reply-activity name="StopAction_stop__EkVtMchoEeKON4DtRoKCMw_34_5"/>
        </reply-entry>
      </task-activities>
    </task>
  </processor>
</lqn-model>
